timestamp,ac_temperature,lights
2024-12-24 00:00,19.3,OFF
2024-12-24 00:10,19.2,OFF
2024-12-24 00:20,20.9,OFF
2024-12-24 00:30,19.1,OFF
2024-12-24 00:40,20.5,OFF
2024-12-24 00:50,19.5,OFF
2024-12-24 01:00,20.5,OFF
2024-12-24 01:10,20.2,OFF
2024-12-24 01:20,20.6,OFF
2024-12-24 01:30,20.8,OFF
2024-12-24 01:40,19.3,OFF
2024-12-24 01:50,20.6,OFF
2024-12-24 02:00,429.7,OFF
2024-12-24 02:10,419.2,OFF
2024-12-24 02:20,20.2,OFF
2024-12-24 02:30,20.9,OFF
2024-12-24 02:40,19.5,OFF
2024-12-24 02:50,20.1,OFF
2024-12-24 03:00,0.00,OFF
2024-12-24 03:10,20.8,OFF
2024-12-24 03:20,20.8,OFF
2024-12-24 03:30,19.3,OFF
2024-12-24 03:40,420.7,OFF
2024-12-24 03:50,19.3,OFF
2024-12-24 04:00,21.0,OFF
2024-12-24 04:10,20.1,OFF
2024-12-24 04:20,20.3,OFF
2024-12-24 04:30,19.8,OFF
2024-12-24 04:40,20.3,OFF
2024-12-24 04:50,19.5,OFF
2024-12-24 05:00,19.9,OFF
2024-12-24 05:10,20.5,OFF
2024-12-24 05:20,19.6,OFF
2024-12-24 05:30,20.6,OFF
2024-12-24 05:40,20.8,OFF
2024-12-24 05:50,19.4,OFF
2024-12-24 06:00,20.9,OFF
2024-12-24 06:10,19.7,OFF
2024-12-24 06:20,419.9,OFF
2024-12-24 06:30,19.2,OFF
2024-12-24 06:40,20.4,OFF
2024-12-24 06:50,20.2,OFF
2024-12-24 07:00,19.5,OFF
2024-12-24 07:10,19.9,OFF
2024-12-24 07:20,20.8,OFF
2024-12-24 07:30,20.7,OFF
2024-12-24 07:40,20.3,OFF
2024-12-24 07:50,19.6,OFF
2024-12-24 08:00,30.8,OFF
2024-12-24 08:10,31.4,OFF
2024-12-24 08:20,31.0,OFF
2024-12-24 08:30,31.6,OFF
2024-12-24 08:40,30.7,OFF
2024-12-24 08:50,30.3,OFF
2024-12-24 09:00,30.2,OFF
2024-12-24 09:10,30.7,OFF
2024-12-24 09:20,30.5,OFF
2024-12-24 09:30,31.2,OFF
2024-12-24 09:40,30.9,OFF
2024-12-24 09:50,30.0,OFF
2024-12-24 10:00,30.5,OFF
2024-12-24 10:10,30.4,OFF
2024-12-24 10:20,31.1,OFF
2024-12-24 10:30,30.7,OFF
2024-12-24 10:40,31.5,OFF
2024-12-24 10:50,30.4,OFF
2024-12-24 11:00,31.5,OFF
2024-12-24 11:10,30.9,OFF
2024-12-24 11:20,31.1,OFF
2024-12-24 11:30,431.0,OFF
2024-12-24 11:40,31.1,OFF
2024-12-24 11:50,30.7,OFF
2024-12-24 12:00,31.0,OFF
2024-12-24 12:10,30.2,OFF
2024-12-24 12:20,31.5,OFF
2024-12-24 12:30,31.5,OFF
2024-12-24 12:40,31.7,OFF
2024-12-24 12:50,31.5,OFF
2024-12-24 13:00,30.2,OFF
2024-12-24 13:10,32.0,OFF
2024-12-24 13:20,30.7,OFF
2024-12-24 13:30,30.6,OFF
2024-12-24 13:40,31.9,OFF
2024-12-24 13:50,31.1,OFF
2024-12-24 14:00,31.7,OFF
2024-12-24 14:10,31.9,OFF
2024-12-24 14:20,30.6,OFF
2024-12-24 14:30,30.5,OFF
2024-12-24 14:40,32.0,OFF
2024-12-24 14:50,30.8,OFF
2024-12-24 15:00,30.5,OFF
2024-12-24 15:10,30.5,OFF
2024-12-24 15:20,431.4,OFF
2024-12-24 15:30,31.7,OFF
2024-12-24 15:40,31.4,OFF
2024-12-24 15:50,31.4,OFF
2024-12-24 16:00,24.1,ON
2024-12-24 16:10,23.1,ON
2024-12-24 00:00,19.6,OFF
2024-12-24 00:10,19.3,OFF
2024-12-24 00:20,19.3,OFF
2024-12-24 00:30,19.6,OFF
2024-12-24 00:40,20.9,OFF
2024-12-24 00:50,20.2,OFF
2024-12-24 01:00,19.4,OFF
2024-12-24 01:10,19.3,OFF
2024-12-24 01:20,19.6,OFF
2024-12-24 01:30,19.6,OFF
2024-12-24 01:40,19.1,OFF
2024-12-24 01:50,20.1,OFF
2024-12-24 02:00,20.4,OFF
2024-12-24 02:10,19.7,OFF
2024-12-24 02:20,19.6,OFF
2024-12-24 02:30,20.6,OFF
2024-12-24 02:40,20.8,OFF
2024-12-24 02:50,19.1,OFF
2024-12-24 03:00,19.1,OFF
2024-12-24 03:10,20.6,OFF
2024-12-24 03:20,19.1,OFF
2024-12-24 03:30,20.5,OFF
2024-12-24 03:40,20.6,OFF
2024-12-24 03:50,19.2,OFF
2024-12-24 04:00,20.8,OFF
2024-12-24 04:10,20.3,OFF
2024-12-24 04:20,20.4,OFF
2024-12-24 04:30,19.7,OFF
2024-12-24 04:40,20.5,OFF
2024-12-24 04:50,19.4,OFF
2024-12-24 05:00,19.2,OFF
2024-12-24 05:10,19.3,OFF
2024-12-24 05:20,19.4,OFF
2024-12-24 05:30,19.6,OFF
2024-12-24 05:40,19.3,OFF
2024-12-24 05:50,20.7,OFF
2024-12-24 06:00,19.3,OFF
2024-12-24 06:10,19.6,OFF
2024-12-24 06:20,20.8,OFF
2024-12-24 06:30,19.7,OFF
2024-12-24 06:40,20.4,OFF
2024-12-24 06:50,19.3,OFF
2024-12-24 07:00,20.3,OFF
2024-12-24 07:10,20.7,OFF
2024-12-24 07:20,20.7,OFF
2024-12-24 07:30,20.4,OFF
2024-12-24 07:40,21.0,OFF
2024-12-24 07:50,19.4,OFF
2024-12-24 08:00,31.3,OFF
2024-12-24 08:10,31.9,OFF
2024-12-24 08:20,31.6,OFF
2024-12-24 08:30,30.1,OFF
2024-12-24 08:40,31.5,OFF
2024-12-24 08:50,31.8,OFF
2024-12-24 09:00,30.0,OFF
2024-12-24 09:10,30.1,OFF
2024-12-24 09:20,30.8,OFF
2024-12-24 09:30,30.0,OFF
2024-12-24 09:40,30.2,OFF
2024-12-24 09:50,30.5,OFF
2024-12-24 10:00,30.4,OFF
2024-12-24 10:10,30.0,OFF
2024-12-24 10:20,30.7,OFF
2024-12-24 10:30,30.7,OFF
2024-12-24 10:40,31.8,OFF
2024-12-24 10:50,30.4,OFF
2024-12-24 11:00,31.5,OFF
2024-12-24 11:10,30.8,OFF
2024-12-24 11:20,30.5,OFF
2024-12-24 11:30,31.2,OFF
2024-12-24 11:40,30.6,OFF
2024-12-24 11:50,31.7,OFF
2024-12-24 12:00,31.6,OFF
2024-12-24 12:10,30.2,OFF
2024-12-24 12:20,31.5,OFF
2024-12-24 12:30,30.3,OFF
2024-12-24 12:40,30.6,OFF
2024-12-24 12:50,31.3,OFF
2024-12-24 13:00,31.6,OFF
2024-12-24 13:10,30.3,OFF
2024-12-24 13:20,31.4,OFF
2024-12-24 13:30,30.8,OFF
2024-12-24 13:40,30.4,OFF
2024-12-24 13:50,30.9,OFF
2024-12-24 14:00,31.4,OFF
2024-12-24 14:10,31.1,OFF
2024-12-24 14:20,30.2,OFF
2024-12-24 14:30,31.4,OFF
2024-12-24 14:40,30.2,OFF
2024-12-24 14:50,31.3,OFF
2024-12-24 15:00,30.5,OFF
2024-12-24 15:10,32.0,OFF
2024-12-24 15:20,30.8,OFF
2024-12-24 15:30,30.6,OFF
2024-12-24 15:40,31.0,OFF
2024-12-24 15:50,31.4,OFF
2024-12-24 16:00,23.4,ON
2024-12-24 16:10,23.7,ON
2024-12-24 16:20,24.5,ON
2024-12-24 16:30,23.6,ON
2024-12-24 16:40,24.6,ON
2024-12-24 16:50,24.4,ON
2024-12-24 17:00,23.4,ON
2024-12-24 17:10,24.6,ON
2024-12-24 17:20,23.2,ON
2024-12-24 17:30,23.4,ON
2024-12-24 17:40,24.4,ON
2024-12-24 17:50,24.5,ON
2024-12-24 18:00,24.9,ON
2024-12-24 18:10,24.9,ON
2024-12-24 18:20,24.0,ON
2024-12-24 18:30,24.3,ON
2024-12-24 18:40,24.0,ON
2024-12-24 18:50,23.3,ON
2024-12-24 19:00,23.2,ON
2024-12-24 19:10,23.7,ON
2024-12-24 19:20,24.7,ON
2024-12-24 19:30,23.0,ON
2024-12-24 19:40,23.7,ON
2024-12-24 19:50,24.8,ON
2024-12-24 20:00,24.0,ON
2024-12-24 20:10,24.3,ON
2024-12-24 20:20,23.5,ON
2024-12-24 20:30,23.7,ON
2024-12-24 20:40,24.0,ON
2024-12-24 20:50,24.5,ON
2024-12-24 21:00,24.6,ON
2024-12-24 21:10,23.4,ON
2024-12-24 21:20,24.9,ON
2024-12-24 21:30,23.4,ON
2024-12-24 21:40,24.7,ON
2024-12-24 21:50,23.0,ON
2024-12-24 22:00,20.3,OFF
2024-12-24 22:10,19.3,OFF
2024-12-24 22:20,20.8,OFF
2024-12-24 22:30,20.4,OFF
2024-12-24 22:40,20.1,OFF
2024-12-24 22:50,20.6,OFF
2024-12-24 23:00,19.0,OFF
2024-12-24 23:10,20.9,OFF
2024-12-24 23:20,19.6,OFF
2024-12-24 23:30,20.1,OFF
2024-12-24 23:40,20.0,OFF
2024-12-24 23:50,20.1,OFF
2024-12-25 00:00,20.3,OFF
2024-12-25 00:10,20.2,OFF
2024-12-25 00:20,19.5,OFF
2024-12-25 00:30,20.2,OFF
2024-12-25 00:40,19.7,OFF
2024-12-25 00:50,19.3,OFF
2024-12-25 01:00,20.8,OFF
2024-12-25 01:10,20.1,OFF
2024-12-25 01:20,19.5,OFF
2024-12-25 01:30,19.1,OFF
2024-12-25 01:40,19.7,OFF
2024-12-25 01:50,21.0,OFF
2024-12-25 02:00,19.8,OFF
2024-12-25 02:10,21.0,OFF
2024-12-25 02:20,20.3,OFF
2024-12-25 02:30,20.9,OFF
2024-12-25 02:40,19.5,OFF
2024-12-25 02:50,20.6,OFF
2024-12-25 03:00,20.6,OFF
2024-12-25 03:10,20.1,OFF
2024-12-25 03:20,20.4,OFF
2024-12-25 03:30,20.2,OFF
2024-12-25 03:40,20.7,OFF
2024-12-25 03:50,19.9,OFF
2024-12-25 04:00,20.1,OFF
2024-12-25 04:10,19.2,OFF
2024-12-25 04:20,19.3,OFF
2024-12-25 04:30,20.0,OFF
2024-12-25 04:40,20.7,OFF
2024-12-25 04:50,20.1,OFF
2024-12-25 05:00,20.4,OFF
2024-12-25 05:10,20.4,OFF
2024-12-25 05:20,19.4,OFF
2024-12-25 05:30,20.9,OFF
2024-12-25 05:40,19.6,OFF
2024-12-25 05:50,20.2,OFF
2024-12-25 06:00,19.5,OFF
2024-12-25 06:10,21.0,OFF
2024-12-25 06:20,21.0,OFF
2024-12-25 06:30,19.7,OFF
2024-12-25 06:40,20.6,OFF
2024-12-25 06:50,20.8,OFF
2024-12-25 07:00,20.0,OFF
2024-12-25 07:10,20.4,OFF
2024-12-25 07:20,19.9,OFF
2024-12-25 07:30,19.3,OFF
2024-12-25 07:40,19.8,OFF
2024-12-25 07:50,20.8,OFF
2024-12-25 08:00,31.2,OFF
2024-12-25 08:10,30.4,OFF
2024-12-25 08:20,31.1,OFF
2024-12-25 08:30,30.3,OFF
2024-12-25 08:40,30.3,OFF
2024-12-25 08:50,30.7,OFF
2024-12-25 09:00,30.1,OFF
2024-12-25 09:10,30.2,OFF
2024-12-25 09:20,30.3,OFF
2024-12-25 09:30,31.8,OFF
2024-12-25 09:40,31.8,OFF
2024-12-25 09:50,30.6,OFF
2024-12-25 10:00,30.4,OFF
2024-12-25 10:10,31.3,OFF
2024-12-25 10:20,30.2,OFF
2024-12-25 10:30,30.2,OFF
2024-12-25 10:40,30.5,OFF
2024-12-25 10:50,32.0,OFF
2024-12-25 11:00,30.1,OFF
2024-12-25 11:10,30.6,OFF
2024-12-25 11:20,30.6,OFF
2024-12-25 11:30,31.6,OFF
2024-12-25 11:40,31.4,OFF
2024-12-25 11:50,31.8,OFF
2024-12-25 12:00,30.2,OFF
2024-12-25 12:10,31.9,OFF
2024-12-25 12:20,30.0,OFF
2024-12-25 12:30,31.0,OFF
2024-12-25 12:40,30.8,OFF
2024-12-25 12:50,31.1,OFF
2024-12-25 13:00,31.4,OFF
2024-12-25 13:10,31.7,OFF
2024-12-25 13:20,30.8,OFF
2024-12-25 13:30,30.1,OFF
2024-12-25 13:40,31.1,OFF
2024-12-25 13:50,30.7,OFF
2024-12-25 14:00,31.0,OFF
2024-12-25 14:10,31.0,OFF
2024-12-25 14:20,31.4,OFF
2024-12-25 14:30,30.8,OFF
2024-12-25 14:40,31.2,OFF
2024-12-25 14:50,30.7,OFF
2024-12-25 15:00,30.1,OFF
2024-12-25 15:10,31.6,OFF
2024-12-25 15:20,30.4,OFF
2024-12-25 15:30,30.1,OFF
2024-12-25 15:40,31.2,OFF
2024-12-25 15:50,30.8,OFF
2024-12-25 16:00,23.8,ON
2024-12-25 16:10,23.3,ON
2024-12-25 16:20,24.2,ON
2024-12-25 16:30,23.2,ON
2024-12-25 16:40,24.2,ON
2024-12-25 16:50,23.1,ON
2024-12-25 17:00,24.9,ON
2024-12-25 17:10,24.2,ON
2024-12-25 17:20,23.6,ON
2024-12-25 17:30,24.1,ON
2024-12-25 17:40,24.3,ON
2024-12-25 17:50,23.5,ON
2024-12-25 18:00,24.8,ON
2024-12-25 18:10,24.3,ON
2024-12-25 18:20,24.1,ON
2024-12-25 18:30,24.7,ON
2024-12-25 18:40,24.5,ON
2024-12-25 18:50,23.8,ON
2024-12-25 19:00,24.6,ON
2024-12-25 19:10,23.2,ON
2024-12-25 19:20,23.4,ON
2024-12-25 19:30,23.3,ON
2024-12-25 19:40,23.4,ON
2024-12-25 19:50,24.2,ON
2024-12-25 20:00,24.7,ON
2024-12-25 20:10,24.0,ON
2024-12-25 20:20,24.6,ON
2024-12-25 20:30,23.0,ON
2024-12-25 20:40,24.1,ON
2024-12-25 20:50,24.6,ON
2024-12-25 21:00,24.8,ON
2024-12-25 21:10,23.7,ON
2024-12-25 21:20,24.9,ON
2024-12-25 21:30,23.3,ON
2024-12-25 21:40,23.9,ON
2024-12-25 21:50,23.4,ON
2024-12-25 22:00,20.5,OFF
2024-12-25 22:10,20.3,OFF
2024-12-25 22:20,20.9,OFF
2024-12-25 22:30,19.6,OFF
2024-12-25 22:40,19.8,OFF
2024-12-25 22:50,20.3,OFF
2024-12-25 23:00,20.5,OFF
2024-12-25 23:10,19.4,OFF
2024-12-25 23:20,20.4,OFF
2024-12-25 23:30,20.8,OFF
2024-12-25 23:40,19.4,OFF
2024-12-25 23:50,19.1,OFF
2024-12-26 00:00,20.4,OFF
2024-12-26 00:10,20.6,OFF
2024-12-26 00:20,19.7,OFF
2024-12-26 00:30,19.2,OFF
2024-12-26 00:40,19.3,OFF
2024-12-26 00:50,19.2,OFF
2024-12-26 01:00,20.0,OFF
2024-12-26 01:10,19.7,OFF
2024-12-26 01:20,19.4,OFF
2024-12-26 01:30,20.9,OFF
2024-12-26 01:40,20.4,OFF
2024-12-26 01:50,20.1,OFF
2024-12-26 02:00,19.5,OFF
2024-12-26 02:10,20.7,OFF
2024-12-26 02:20,20.0,OFF
2024-12-26 02:30,20.8,OFF
2024-12-26 02:40,19.7,OFF
2024-12-26 02:50,19.3,OFF
2024-12-26 03:00,19.7,OFF
2024-12-26 03:10,20.2,OFF
2024-12-26 03:20,19.4,OFF
2024-12-26 03:30,19.8,OFF
2024-12-26 03:40,19.2,OFF
2024-12-26 03:50,19.4,OFF
2024-12-26 04:00,19.8,OFF
2024-12-26 04:10,20.5,OFF
2024-12-26 04:20,20.7,OFF
2024-12-26 04:30,20.6,OFF
2024-12-26 04:40,19.6,OFF
2024-12-26 04:50,19.7,OFF
2024-12-26 05:00,20.9,OFF
2024-12-26 05:10,19.3,OFF
2024-12-26 05:20,20.0,OFF
2024-12-26 05:30,19.2,OFF
2024-12-26 05:40,20.2,OFF
2024-12-26 05:50,19.3,OFF
2024-12-26 06:00,19.9,OFF
2024-12-26 06:10,20.0,OFF
2024-12-26 06:20,19.8,OFF
2024-12-26 06:30,19.4,OFF
2024-12-26 06:40,21.0,OFF
2024-12-26 06:50,19.5,OFF
2024-12-26 07:00,20.3,OFF
2024-12-26 07:10,20.6,OFF
2024-12-26 07:20,20.3,OFF
2024-12-26 07:30,20.8,OFF
2024-12-26 07:40,20.8,OFF
2024-12-26 07:50,19.6,OFF
2024-12-26 08:00,31.0,OFF
2024-12-26 08:10,31.4,OFF
2024-12-26 08:20,31.1,OFF
2024-12-26 08:30,30.8,OFF
2024-12-26 08:40,31.0,OFF
2024-12-26 08:50,31.6,OFF
2024-12-26 09:00,30.5,OFF
2024-12-26 09:10,31.9,OFF
2024-12-26 09:20,31.0,OFF
2024-12-26 09:30,31.2,OFF
2024-12-26 09:40,31.3,OFF
2024-12-26 09:50,31.4,OFF
2024-12-26 10:00,31.2,OFF
2024-12-26 10:10,31.4,OFF
2024-12-26 10:20,30.6,OFF
2024-12-26 10:30,30.9,OFF
2024-12-26 10:40,30.6,OFF
2024-12-26 10:50,31.9,OFF
2024-12-26 11:00,30.0,OFF
2024-12-26 11:10,31.6,OFF
2024-12-26 11:20,31.7,OFF
2024-12-26 11:30,30.0,OFF
2024-12-26 11:40,32.0,OFF
2024-12-26 11:50,31.1,OFF
2024-12-26 12:00,31.3,OFF
2024-12-26 12:10,30.9,OFF
2024-12-26 12:20,30.8,OFF
2024-12-26 12:30,30.1,OFF
2024-12-26 12:40,30.8,OFF
2024-12-26 12:50,32.0,OFF
2024-12-26 13:00,31.7,OFF
2024-12-26 13:10,30.9,OFF
2024-12-26 13:20,31.2,OFF
2024-12-26 13:30,30.0,OFF
2024-12-26 13:40,31.8,OFF
2024-12-26 13:50,31.4,OFF
2024-12-26 14:00,31.1,OFF
2024-12-26 14:10,31.0,OFF
2024-12-26 14:20,30.7,OFF
2024-12-26 14:30,31.9,OFF
2024-12-26 14:40,30.3,OFF
2024-12-26 14:50,31.3,OFF
2024-12-26 15:00,30.4,OFF
2024-12-26 15:10,30.8,OFF
2024-12-26 15:20,31.6,OFF
2024-12-26 15:30,31.2,OFF
2024-12-26 15:40,30.6,OFF
2024-12-26 15:50,30.4,OFF
2024-12-26 16:00,24.0,ON
2024-12-26 16:10,23.8,ON
2024-12-26 16:20,23.7,ON
2024-12-26 16:30,24.9,ON
2024-12-26 16:40,24.0,ON
2024-12-26 16:50,23.6,ON
2024-12-26 17:00,23.6,ON
2024-12-26 17:10,23.5,ON
2024-12-26 17:20,24.8,ON
2024-12-26 17:30,23.8,ON
2024-12-26 17:40,24.2,ON
2024-12-26 17:50,23.3,ON
2024-12-26 18:00,24.9,ON
2024-12-26 18:10,24.6,ON
2024-12-26 18:20,24.6,ON
2024-12-26 18:30,23.6,ON
2024-12-26 18:40,23.6,ON
2024-12-26 18:50,24.1,ON
2024-12-26 19:00,24.7,ON
2024-12-26 19:10,23.7,ON
2024-12-26 19:20,23.8,ON
2024-12-26 19:30,24.5,ON
2024-12-26 19:40,23.7,ON
2024-12-26 19:50,23.5,ON
2024-12-26 20:00,23.4,ON
2024-12-26 20:10,23.2,ON
2024-12-26 20:20,23.9,ON
2024-12-26 20:30,24.0,ON
2024-12-26 20:40,23.4,ON
2024-12-26 20:50,23.7,ON
2024-12-26 21:00,23.4,ON
2024-12-26 21:10,24.6,ON
2024-12-26 21:20,24.7,ON
2024-12-26 21:30,23.6,ON
2024-12-26 21:40,23.8,ON
2024-12-26 21:50,23.4,ON
2024-12-26 22:00,20.1,OFF
2024-12-26 22:10,20.8,OFF
2024-12-26 22:20,19.7,OFF
2024-12-26 22:30,20.8,OFF
2024-12-26 22:40,19.4,OFF
2024-12-26 22:50,19.2,OFF
2024-12-26 23:00,20.4,OFF
2024-12-26 23:10,19.7,OFF
2024-12-26 23:20,19.9,OFF
2024-12-26 23:30,19.2,OFF
2024-12-26 23:40,19.5,OFF
2024-12-26 23:50,20.3,OFF
2024-12-27 00:00,19.8,OFF
2024-12-27 00:10,20.4,OFF
2024-12-27 00:20,19.8,OFF
2024-12-27 00:30,19.5,OFF
2024-12-27 00:40,19.2,OFF
2024-12-27 00:50,20.8,OFF
2024-12-27 01:00,19.4,OFF
2024-12-27 01:10,20.7,OFF
2024-12-27 01:20,19.7,OFF
2024-12-27 01:30,19.1,OFF
2024-12-27 01:40,19.7,OFF
2024-12-27 01:50,20.5,OFF
2024-12-27 02:00,19.1,OFF
2024-12-27 02:10,20.9,OFF
2024-12-27 02:20,19.2,OFF
2024-12-27 02:30,20.9,OFF
2024-12-27 02:40,20.5,OFF
2024-12-27 02:50,20.1,OFF
2024-12-27 03:00,20.3,OFF
2024-12-27 03:10,19.8,OFF
2024-12-27 03:20,20.8,OFF
2024-12-27 03:30,19.7,OFF
2024-12-27 03:40,19.1,OFF
2024-12-27 03:50,20.8,OFF
2024-12-27 04:00,20.5,OFF
2024-12-27 04:10,20.9,OFF
2024-12-27 04:20,19.1,OFF
2024-12-27 04:30,20.8,OFF
2024-12-27 04:40,19.5,OFF
2024-12-27 04:50,20.9,OFF
2024-12-27 05:00,20.5,OFF
2024-12-27 05:10,19.9,OFF
2024-12-27 05:20,20.6,OFF
2024-12-27 05:30,20.8,OFF
2024-12-27 05:40,20.1,OFF
2024-12-27 05:50,19.8,OFF
2024-12-27 06:00,20.4,OFF
2024-12-27 06:10,20.4,OFF
2024-12-27 06:20,19.5,OFF
2024-12-27 06:30,19.5,OFF
2024-12-27 06:40,19.1,OFF
2024-12-27 06:50,19.4,OFF
2024-12-27 07:00,20.6,OFF
2024-12-27 07:10,19.2,OFF
2024-12-27 07:20,19.9,OFF
2024-12-27 07:30,20.2,OFF
2024-12-27 07:40,19.4,OFF
2024-12-27 07:50,20.1,OFF
2024-12-27 08:00,31.2,OFF
2024-12-27 08:10,30.4,OFF
2024-12-27 08:20,31.0,OFF
2024-12-27 08:30,31.3,OFF
2024-12-27 08:40,31.2,OFF
2024-12-27 08:50,30.1,OFF
2024-12-27 09:00,31.5,OFF
2024-12-27 09:10,31.9,OFF
2024-12-27 09:20,31.8,OFF
2024-12-27 09:30,30.3,OFF
2024-12-27 09:40,31.0,OFF
2024-12-27 09:50,30.4,OFF
2024-12-27 10:00,30.4,OFF
2024-12-27 10:10,31.5,OFF
2024-12-27 10:20,30.8,OFF
2024-12-27 10:30,31.3,OFF
2024-12-27 10:40,31.6,OFF
2024-12-27 10:50,31.1,OFF
2024-12-27 11:00,31.3,OFF
2024-12-27 11:10,31.1,OFF
2024-12-27 11:20,30.5,OFF
2024-12-27 11:30,31.5,OFF
2024-12-27 11:40,31.3,OFF
2024-12-27 11:50,30.7,OFF
2024-12-27 12:00,31.4,OFF
2024-12-27 12:10,30.7,OFF
2024-12-27 12:20,30.5,OFF
2024-12-27 12:30,30.1,OFF
2024-12-27 12:40,30.6,OFF
2024-12-27 12:50,30.1,OFF
2024-12-27 13:00,30.1,OFF
2024-12-27 13:10,30.6,OFF
2024-12-27 13:20,31.8,OFF
2024-12-27 13:30,31.8,OFF
2024-12-27 13:40,31.9,OFF
2024-12-27 13:50,30.9,OFF
2024-12-27 14:00,31.3,OFF
2024-12-27 14:10,31.4,OFF
2024-12-27 14:20,31.9,OFF
2024-12-27 14:30,30.5,OFF
2024-12-27 14:40,30.2,OFF
2024-12-27 14:50,31.5,OFF
2024-12-27 15:00,31.5,OFF
2024-12-27 15:10,31.1,OFF
2024-12-27 15:20,31.8,OFF
2024-12-27 15:30,30.5,OFF
2024-12-27 15:40,30.2,OFF
2024-12-27 15:50,31.8,OFF
2024-12-27 16:00,24.4,ON
2024-12-27 16:10,24.7,ON
2024-12-27 16:20,24.1,ON
2024-12-27 16:30,23.8,ON
2024-12-27 16:40,23.3,ON
2024-12-27 16:50,23.9,ON
2024-12-27 17:00,23.3,ON
2024-12-27 17:10,23.5,ON
2024-12-27 17:20,25.0,ON
2024-12-27 17:30,24.9,ON
2024-12-27 17:40,23.4,ON
2024-12-27 17:50,24.0,ON
2024-12-27 18:00,23.2,ON
2024-12-27 18:10,23.8,ON
2024-12-27 18:20,24.1,ON
2024-12-27 18:30,24.1,ON
2024-12-27 18:40,24.3,ON
2024-12-27 18:50,24.7,ON
2024-12-27 19:00,24.6,ON
2024-12-27 19:10,24.5,ON
2024-12-27 19:20,23.3,ON
2024-12-27 19:30,24.5,ON
2024-12-27 19:40,23.7,ON
2024-12-27 19:50,24.0,ON
2024-12-27 20:00,23.7,ON
2024-12-27 20:10,24.8,ON
2024-12-27 20:20,23.5,ON
2024-12-27 20:30,23.2,ON
2024-12-27 20:40,24.1,ON
2024-12-27 20:50,24.3,ON
2024-12-27 21:00,24.2,ON
2024-12-27 21:10,23.3,ON
2024-12-27 21:20,24.0,ON
2024-12-27 21:30,24.3,ON
2024-12-27 21:40,23.8,ON
2024-12-27 21:50,23.0,ON
2024-12-27 22:00,19.3,OFF
2024-12-27 22:10,20.3,OFF
2024-12-27 22:20,19.6,OFF
2024-12-27 22:30,20.0,OFF
2024-12-27 22:40,19.6,OFF
2024-12-27 22:50,20.4,OFF
2024-12-27 23:00,19.7,OFF
2024-12-27 23:10,21.0,OFF
2024-12-27 23:20,19.2,OFF
2024-12-27 23:30,21.0,OFF
2024-12-27 23:40,19.7,OFF
2024-12-27 23:50,20.5,OFF
2024-12-28 00:00,20.1,OFF
2024-12-28 00:01,19.5,OFF
2024-12-28 00:11,20.3,OFF
2024-12-28 00:21,20.7,OFF
2024-12-28 00:31,20.9,OFF
2024-12-28 00:41,20.2,OFF
2024-12-28 00:51,19.1,OFF
2024-12-28 01:01,19.2,OFF
2024-12-28 01:11,19.9,OFF
2024-12-28 01:21,20.2,OFF
2024-12-28 01:31,19.7,OFF
2024-12-28 01:41,20.7,OFF
2024-12-28 01:51,19.2,OFF
2024-12-28 02:01,20.8,OFF
2024-12-28 02:11,20.0,OFF
2024-12-28 02:21,21.0,OFF
2024-12-28 02:31,20.6,OFF
2024-12-28 02:41,19.9,OFF
2024-12-28 02:51,20.2,OFF
2024-12-28 03:01,20.3,OFF
2024-12-28 03:11,19.6,OFF
2024-12-28 03:21,20.5,OFF
2024-12-28 03:31,20.2,OFF
2024-12-28 03:41,19.5,OFF
2024-12-28 03:51,19.3,OFF
2024-12-28 04:01,20.2,OFF
2024-12-28 04:11,20.9,OFF
2024-12-28 04:21,20.1,OFF
2024-12-28 04:31,19.6,OFF
2024-12-28 04:41,20.3,OFF
2024-12-28 04:51,20.7,OFF
2024-12-28 05:01,19.6,OFF
2024-12-28 05:11,20.2,OFF
2024-12-28 05:21,20.0,OFF
2024-12-28 05:31,19.4,OFF
2024-12-28 05:41,20.9,OFF
2024-12-28 05:51,20.0,OFF
2024-12-28 06:01,19.6,OFF
2024-12-28 06:11,19.4,OFF
2024-12-28 06:21,20.8,OFF
2024-12-28 06:31,20.5,OFF
2024-12-28 06:41,19.8,OFF
2024-12-28 06:51,19.2,OFF
2024-12-28 07:01,20.0,OFF
2024-12-28 07:11,20.3,OFF
2024-12-28 07:21,20.3,OFF
2024-12-28 07:31,20.8,OFF
2024-12-28 07:41,20.3,OFF
2024-12-28 07:51,19.9,OFF
2024-12-28 08:01,31.5,OFF
2024-12-28 08:11,31.1,OFF
2024-12-28 08:21,31.2,OFF
2024-12-28 08:31,31.4,OFF
2024-12-28 08:41,31.1,OFF
2024-12-28 08:51,31.2,OFF
2024-12-28 09:01,31.4,OFF
2024-12-28 09:11,30.9,OFF
2024-12-28 09:21,30.0,OFF
2024-12-28 09:31,31.0,OFF
2024-12-28 09:41,30.5,OFF
2024-12-28 09:51,31.6,OFF
2024-12-28 10:01,31.2,OFF
2024-12-28 10:11,30.7,OFF
2024-12-28 10:21,31.5,OFF
2024-12-28 10:31,30.1,OFF
2024-12-28 10:41,31.9,OFF
2024-12-28 10:51,31.0,OFF
2024-12-28 11:01,30.8,OFF
2024-12-28 11:11,31.8,OFF
2024-12-28 11:21,30.3,OFF
2024-12-28 11:31,31.8,OFF
2024-12-28 11:41,31.8,OFF
2024-12-28 11:51,31.8,OFF
2024-12-28 12:01,30.7,OFF
2024-12-28 12:11,30.5,OFF
2024-12-28 12:21,32.0,OFF
2024-12-28 12:31,31.6,OFF
2024-12-28 12:41,30.5,OFF
2024-12-28 12:51,30.4,OFF
2024-12-28 13:01,30.9,OFF
2024-12-28 13:11,30.6,OFF
2024-12-28 13:21,30.3,OFF
2024-12-28 13:31,30.1,OFF
2024-12-28 13:41,32.0,OFF
2024-12-28 13:51,31.1,OFF
2024-12-28 14:01,18.1,ON
2024-12-28 14:11,19.6,ON
2024-12-28 14:21,18.1,ON
2024-12-28 14:31,20.5,ON
2024-12-28 14:41,20.1,ON
2024-12-28 14:51,20.0,ON
2024-12-28 15:01,18.1,ON
2024-12-28 15:11,19.1,ON
2024-12-28 15:21,20.0,ON
2024-12-28 15:31,20.9,ON
2024-12-28 15:41,19.5,ON
2024-12-28 15:51,19.7,ON
2024-12-28 16:01,24.7,ON
2024-12-28 16:11,24.9,ON
2024-12-28 16:21,23.1,ON
2024-12-28 16:31,24.9,ON
2024-12-28 16:41,23.1,ON
2024-12-28 16:51,24.4,ON
2024-12-28 17:01,23.0,ON
2024-12-28 17:11,24.7,ON
2024-12-28 17:21,24.6,ON
2024-12-28 17:31,23.0,ON
2024-12-28 17:41,24.4,ON
2024-12-28 17:51,23.7,ON
2024-12-28 18:01,24.6,ON
2024-12-28 18:11,24.8,ON
2024-12-28 18:21,23.9,ON
2024-12-28 18:31,24.9,ON
2024-12-28 18:41,23.2,ON
2024-12-28 18:51,24.2,ON
2024-12-28 19:01,24.3,ON
2024-12-28 19:11,24.4,ON
2024-12-28 19:21,24.5,ON
2024-12-28 19:31,23.3,ON
2024-12-28 19:41,24.3,ON
2024-12-28 19:51,23.8,ON
2024-12-28 20:01,24.0,ON
2024-12-28 20:11,23.1,ON
2024-12-28 20:21,24.2,ON
2024-12-28 20:31,23.8,ON
2024-12-28 20:41,23.7,ON
2024-12-28 20:51,24.2,ON
2024-12-28 21:01,23.0,ON
2024-12-28 21:11,23.4,ON
2024-12-28 21:21,23.3,ON
2024-12-28 21:31,23.1,ON
2024-12-28 21:41,24.6,ON
2024-12-28 21:51,24.3,ON
2024-12-28 22:01,20.5,OFF
2024-12-28 22:11,19.2,OFF
2024-12-28 22:21,19.4,OFF
2024-12-28 22:31,19.1,OFF
2024-12-28 22:41,21.0,OFF
2024-12-28 22:51,20.5,OFF
2024-12-28 23:01,20.2,OFF
2024-12-28 23:11,20.0,OFF
2024-12-28 23:21,19.1,OFF
2024-12-28 23:31,20.8,OFF
2024-12-28 23:41,19.2,OFF
2024-12-28 23:51,19.9,OFF
2024-12-29 00:01,20.1,OFF
2024-12-29 00:11,20.1,OFF
2024-12-29 00:21,20.8,OFF
2024-12-29 00:31,20.0,OFF
2024-12-29 00:41,20.3,OFF
2024-12-29 00:51,20.5,OFF
2024-12-29 01:01,19.1,OFF
2024-12-29 01:11,20.6,OFF
2024-12-29 01:21,19.0,OFF
2024-12-29 01:31,19.1,OFF
2024-12-29 01:41,20.3,OFF
2024-12-29 01:51,20.8,OFF
2024-12-29 02:01,20.7,OFF
2024-12-29 02:11,19.3,OFF
2024-12-29 02:21,19.9,OFF
2024-12-29 02:31,20.3,OFF
2024-12-29 02:41,19.8,OFF
2024-12-29 02:51,20.3,OFF
2024-12-29 03:01,19.1,OFF
2024-12-29 03:11,19.5,OFF
2024-12-29 03:21,19.6,OFF
2024-12-29 03:31,19.3,OFF
2024-12-29 03:41,20.2,OFF
2024-12-29 03:51,19.1,OFF
2024-12-29 04:01,20.4,OFF
2024-12-29 04:11,19.0,OFF
2024-12-29 04:21,20.2,OFF
2024-12-29 04:31,19.1,OFF
2024-12-29 04:41,20.6,OFF
2024-12-29 04:51,21.0,OFF
2024-12-29 05:01,19.4,OFF
2024-12-29 05:11,19.4,OFF
2024-12-29 05:21,20.4,OFF
2024-12-29 05:31,20.0,OFF
2024-12-29 05:41,20.3,OFF
2024-12-29 05:51,19.5,OFF
2024-12-29 06:01,20.7,OFF
2024-12-29 06:11,20.8,OFF
2024-12-29 06:21,20.2,OFF
2024-12-29 06:31,19.5,OFF
2024-12-29 06:41,19.0,OFF
2024-12-29 06:51,19.2,OFF
2024-12-29 07:01,20.7,OFF
2024-12-29 07:11,19.4,OFF
2024-12-29 07:21,19.8,OFF
2024-12-29 07:31,20.9,OFF
2024-12-29 07:41,19.9,OFF
2024-12-29 07:51,19.9,OFF
2024-12-29 08:01,31.3,OFF
2024-12-29 08:11,30.8,OFF
2024-12-29 08:21,30.8,OFF
2024-12-29 08:31,31.1,OFF
2024-12-29 08:41,31.6,OFF
2024-12-29 08:51,30.8,OFF
2024-12-29 09:01,30.1,OFF
2024-12-29 09:11,30.8,OFF
2024-12-29 09:21,32.0,OFF
2024-12-29 09:31,31.8,OFF
2024-12-29 09:41,31.9,OFF
2024-12-29 09:51,30.5,OFF
2024-12-29 10:01,31.0,OFF
2024-12-29 10:11,30.8,OFF
2024-12-29 10:21,32.0,OFF
2024-12-29 10:31,30.6,OFF
2024-12-29 10:41,32.0,OFF
2024-12-29 10:51,31.6,OFF
2024-12-29 11:01,31.7,OFF
2024-12-29 11:11,30.3,OFF
2024-12-29 11:21,31.4,OFF
2024-12-29 11:31,31.6,OFF
2024-12-29 11:41,30.4,OFF
2024-12-29 11:51,30.0,OFF
2024-12-29 12:01,31.2,OFF
2024-12-29 12:11,30.6,OFF
2024-12-29 12:21,31.4,OFF
2024-12-29 12:31,30.5,OFF
2024-12-29 12:41,30.8,OFF
2024-12-29 12:51,30.8,OFF
2024-12-29 13:01,31.0,OFF
2024-12-29 13:11,31.0,OFF
2024-12-29 13:21,30.9,OFF
2024-12-29 13:31,31.8,OFF
2024-12-29 13:41,31.0,OFF
2024-12-29 13:51,30.1,OFF
2024-12-29 14:01,19.9,ON
2024-12-29 14:11,20.2,ON
2024-12-29 14:21,20.1,ON
2024-12-29 14:31,19.1,ON
2024-12-29 14:41,20.4,ON
2024-12-29 14:51,20.8,ON
2024-12-29 15:01,19.2,ON
2024-12-29 15:11,18.1,ON
2024-12-29 15:21,20.3,ON
2024-12-29 15:31,18.0,ON
2024-12-29 15:41,19.5,ON
2024-12-29 15:51,19.2,ON
2024-12-29 16:01,23.4,ON
2024-12-29 16:11,23.3,ON
2024-12-29 16:21,24.2,ON
2024-12-29 16:31,23.9,ON
2024-12-29 16:41,23.6,ON
2024-12-29 16:51,23.6,ON
2024-12-29 17:01,24.8,ON
2024-12-29 17:11,24.7,ON
2024-12-29 17:21,24.8,ON
2024-12-29 17:31,23.1,ON
2024-12-29 17:41,24.4,ON
2024-12-29 17:51,23.6,ON
2024-12-29 18:01,23.5,ON
2024-12-29 18:11,23.7,ON
2024-12-29 18:21,23.1,ON
2024-12-29 18:31,24.3,ON
2024-12-29 18:41,23.5,ON
2024-12-29 18:51,24.5,ON
2024-12-29 19:01,23.4,ON
2024-12-29 19:11,23.3,ON
2024-12-29 19:21,24.0,ON
2024-12-29 19:31,24.7,ON
2024-12-29 19:41,23.8,ON
2024-12-29 19:51,24.3,ON
2024-12-29 20:01,23.6,ON
2024-12-29 20:11,23.7,ON
2024-12-29 20:21,23.2,ON
2024-12-29 20:31,23.6,ON
2024-12-29 20:41,24.8,ON
2024-12-29 20:51,24.1,ON
2024-12-29 21:01,23.3,ON
2024-12-29 21:11,24.5,ON
2024-12-29 21:21,23.4,ON
2024-12-29 21:31,23.5,ON
2024-12-29 21:41,25.0,ON
2024-12-29 21:51,24.9,ON
2024-12-29 22:01,20.8,OFF
2024-12-29 22:11,20.6,OFF
2024-12-29 22:21,20.3,OFF
2024-12-29 22:31,19.3,OFF
2024-12-29 22:41,19.9,OFF
2024-12-29 22:51,19.3,OFF
2024-12-29 23:01,19.9,OFF
2024-12-29 23:11,19.2,OFF
2024-12-29 23:21,20.5,OFF
2024-12-29 23:31,20.1,OFF
2024-12-29 23:41,19.2,OFF
2024-12-29 23:51,19.8,OFF
2024-12-30 00:01,19.0,OFF
2024-12-30 00:11,19.6,OFF
2024-12-30 00:21,20.7,OFF
2024-12-30 00:31,20.8,OFF
2024-12-30 00:41,19.0,OFF
2024-12-30 00:51,20.6,OFF
2024-12-30 01:01,19.1,OFF
2024-12-30 01:11,19.9,OFF
2024-12-30 01:21,20.3,OFF
2024-12-30 01:31,19.7,OFF
2024-12-30 01:41,19.3,OFF
2024-12-30 01:51,20.9,OFF
2024-12-30 02:01,20.2,OFF
2024-12-30 02:11,19.5,OFF
2024-12-30 02:21,21.0,OFF
2024-12-30 02:31,20.9,OFF
2024-12-30 02:41,19.5,OFF
2024-12-30 02:51,19.7,OFF
2024-12-30 03:01,19.8,OFF
2024-12-30 03:11,19.6,OFF
2024-12-30 03:21,19.6,OFF
2024-12-30 03:31,19.0,OFF
2024-12-30 03:41,19.3,OFF
2024-12-30 03:51,20.3,OFF
2024-12-30 04:01,20.3,OFF
2024-12-30 04:11,20.7,OFF
2024-12-30 04:21,19.5,OFF
2024-12-30 04:31,19.4,OFF
2024-12-30 04:41,20.7,OFF
2024-12-30 04:51,20.5,OFF
2024-12-30 05:01,20.4,OFF
2024-12-30 05:11,20.9,OFF
2024-12-30 05:21,20.3,OFF
2024-12-30 05:31,19.4,OFF
2024-12-30 05:41,20.2,OFF
2024-12-30 05:51,20.1,OFF
2024-12-30 06:01,20.9,OFF
2024-12-30 06:11,20.4,OFF
2024-12-30 06:21,19.9,OFF
2024-12-30 06:31,20.3,OFF
2024-12-30 06:41,21.0,OFF
2024-12-30 06:51,19.6,OFF
2024-12-30 07:01,20.0,OFF
2024-12-30 07:11,20.3,OFF
2024-12-30 07:21,20.0,OFF
2024-12-30 07:31,20.9,OFF
2024-12-30 07:41,20.3,OFF
2024-12-30 07:51,19.9,OFF
2024-12-30 08:01,30.6,OFF
2024-12-30 08:11,30.4,OFF
2024-12-30 08:21,30.3,OFF
2024-12-30 08:31,31.5,OFF
2024-12-30 08:41,30.6,OFF
2024-12-30 08:51,30.5,OFF
2024-12-30 09:01,30.4,OFF
2024-12-30 09:11,30.5,OFF
2024-12-30 09:21,31.5,OFF
2024-12-30 09:31,31.7,OFF
2024-12-30 09:41,30.1,OFF
2024-12-30 09:51,30.2,OFF
2024-12-30 10:01,31.9,OFF
2024-12-30 10:11,31.7,OFF
2024-12-30 10:21,31.8,OFF
2024-12-30 10:31,31.7,OFF
2024-12-30 10:41,31.6,OFF
2024-12-30 10:51,31.7,OFF
2024-12-30 11:01,31.1,OFF
2024-12-30 11:11,31.4,OFF
2024-12-30 11:21,31.3,OFF
2024-12-30 11:31,31.1,OFF
2024-12-30 11:41,32.0,OFF
2024-12-30 11:51,30.7,OFF
2024-12-30 12:01,30.3,OFF
2024-12-30 12:11,31.2,OFF
2024-12-30 12:21,31.3,OFF
2024-12-30 12:31,31.3,OFF
2024-12-30 12:41,31.8,OFF
2024-12-30 12:51,30.8,OFF
2024-12-30 13:01,31.4,OFF
2024-12-30 13:11,30.2,OFF
2024-12-30 13:21,30.7,OFF
2024-12-30 13:31,30.1,OFF
2024-12-30 13:41,31.8,OFF
2024-12-30 13:51,30.6,OFF
2024-12-30 14:01,19.7,ON
2024-12-30 14:11,20.7,ON
2024-12-30 14:21,19.1,ON
2024-12-30 14:31,18.2,ON
2024-12-30 14:41,19.9,ON
2024-12-30 14:51,19.4,ON
2024-12-30 15:01,19.4,ON
2024-12-30 15:11,18.7,ON
2024-12-30 15:21,20.1,ON
2024-12-30 15:31,18.1,ON
2024-12-30 15:41,19.9,ON
2024-12-30 15:51,20.9,ON
2024-12-30 16:01,23.1,ON
2024-12-30 16:11,24.7,ON
2024-12-30 16:21,23.9,ON
2024-12-30 16:31,23.7,ON
2024-12-30 16:41,24.4,ON
2024-12-30 16:51,24.4,ON
2024-12-30 17:01,24.4,ON
2024-12-30 17:11,24.6,ON
2024-12-30 17:21,24.4,ON
2024-12-30 17:31,23.3,ON
2024-12-30 17:41,24.7,ON
2024-12-30 17:51,23.0,ON
2024-12-30 18:01,24.8,ON
2024-12-30 18:11,23.4,ON
2024-12-30 18:21,24.7,ON
2024-12-30 18:31,24.2,ON
2024-12-30 18:41,25.0,ON
2024-12-30 18:51,23.0,ON
2024-12-30 19:01,24.2,ON
2024-12-30 19:11,24.3,ON
2024-12-30 19:21,24.7,ON
2024-12-30 19:31,23.2,ON
2024-12-30 19:41,24.5,ON
2024-12-30 19:51,24.0,ON
2024-12-30 20:01,24.2,ON
2024-12-30 20:11,24.7,ON
2024-12-30 20:21,24.5,ON
2024-12-30 20:31,24.8,ON
2024-12-30 20:41,24.6,ON
2024-12-30 20:51,23.8,ON
2024-12-30 21:01,23.0,ON
2024-12-30 21:11,24.4,ON
2024-12-30 21:21,23.5,ON
2024-12-30 21:31,24.1,ON
2024-12-30 21:41,24.4,ON
2024-12-30 21:51,24.8,ON
2024-12-30 22:01,19.4,OFF
2024-12-30 22:11,20.1,OFF
2024-12-30 22:21,19.5,OFF
2024-12-30 22:31,21.0,OFF
2024-12-30 22:41,20.7,OFF
2024-12-30 22:51,20.0,OFF
2024-12-30 23:01,20.5,OFF
2024-12-30 23:11,20.3,OFF
2024-12-30 23:21,19.8,OFF
2024-12-30 23:31,20.3,OFF
2024-12-30 23:41,21.0,OFF
2024-12-30 23:51,19.1,OFF
2024-12-31 00:01,20.0,OFF
