day,meantemp,anomaly
1,20.496714153011233,0
2,20.0343421078827,0
3,20.992849927797774,0
4,22.04064338525012,0
5,20.455758069319913,0
6,20.627866841857013,0
7,22.613052133391093,0
8,21.97280153170614,0
9,20.90706075993673,0
10,22.089853391488777,0
11,21.254172838100295,0
12,21.421646200958907,0
13,22.2985613024254,0
14,20.311929094905345,0
15,20.668238810362546,0
16,11.907781657305634,1
17,21.714031164560513,0
18,23.20676852796095,0
19,22.149294198076316,0
20,21.808900716649617,0
21,24.84977956725826,0
22,23.32027256993882,0
23,23.774438595138598,0
24,22.441919243200733,0
25,23.480889662874493,0
26,24.293600597465517,0
27,23.18784381375328,0
28,24.869402028017287,0
29,24.046593030518878,0
30,24.507681029804587,0
31,24.34838124360642,0
32,37.20646753115845,1
33,25.23354765325215,0
34,24.335489416036094,0
35,26.360293809708523,0
36,24.459803817340536,0
37,26.03071707221246,0
38,24.001654730812476,0
39,24.770833995102297,0
40,26.43175925445646,0
41,27.1073848733443,0
42,26.672409217877412,0
43,26.515578300019712,0
44,26.45833274585825,0
45,25.407110323065346,0
46,26.289932389666784,0
47,26.671193535346177,0
48,28.30888529765268,0
49,27.71315144941183,0
50,25.722067326348277,0
51,27.922535570840584,0
52,27.32444946753348,0
53,27.141392824374343,0
54,28.536444708351773,0
55,29.059860336884775,0
56,29.061841113901522,0
57,27.390621135713925,0
58,28.017451851020848,0
59,28.75227228063168,0
60,29.48838954296587,0
61,28.122969326289716,0
62,28.50322071058625,0
63,27.666691967988392,0
64,27.65835363245143,0
65,29.745981160249826,0
66,30.365928707595017,0
67,29.011227444587206,0
68,30.157612983145686,0
69,29.583831153665738,0
70,28.6424426466479,0
71,29.71155803236256,0
72,30.948013120089733,0
73,29.431160920718106,0
74,31.085820314921147,0
75,26.95278440144641,0
76,30.442932702811227,0
77,29.753711355170367,0
78,29.410410823794653,0
79,29.84103989835374,0
80,27.798666338358657,0
81,29.600603668696788,0
82,30.208502461680485,0
83,31.357463028028977,0
84,29.386534221601984,0
85,29.118595138087354,0
86,29.444658203367393,0
87,30.878180317122336,0
88,30.30492383267216,0
89,29.456834623037523,0
90,30.50730883862406,0
91,30.095587789756532,0
92,30.96864499053289,0
93,29.29645714653114,0
94,29.666379258912936,0
95,29.594486673672407,0
96,28.512657774880356,0
97,30.25889847648484,0
98,30.207470519131817,0
99,29.932202197623003,0
100,29.670217306500486,0
101,28.46419824123705,0
102,29.43074456740338,0
103,29.477561040007537,0
104,28.983957983737934,0
105,29.58799341015223,0
106,30.11346903107506,0
107,31.552850188142727,0
108,29.795608011267845,0
109,29.830079896258923,0
110,29.446730743340975,0
111,27.548215744529017,0
112,29.383462678174546,0
113,29.410392636795173,0
114,31.75080451373831,0
115,29.02983416383698,0
116,29.455627427587277,0
117,29.048525796462297,0
118,27.84101064140466,0
119,30.076278152370655,0
120,29.606493289218875,0
121,29.56405888903747,0
122,27.779492232455326,0
123,39.44217948201256,1
124,27.110993353051228,0
125,29.00786594302839,0
126,30.51711985268204,0
127,27.239302333805878,0
128,27.56426326518255,0
129,28.128512179476466,0
130,27.421292765394707,0
131,26.267651393614166,0
132,27.778094722755824,0
133,26.536147887719682,0
134,27.958699912346194,0
135,28.68430232100692,1
136,28.801697476451306,0
137,26.348579013969726,0
138,26.68771508185582,0
139,27.69914953080244,0
140,25.52857212501359,0
141,26.85868651701208,0
142,27.808183690969873,0
143,24.76143505878767,0
144,26.419531877119642,0
145,26.358902838249154,0
146,26.743147726469566,0
147,24.584902766329627,0
148,24.360190854227284,0
149,26.059690463222232,0
150,25.69018501822518,0
151,25.497537728335956,0
152,25.445774253398334,0
153,24.270063134257324,0
154,25.031628476758865,0
155,24.94030419373637,0
156,23.77935259164525,0
157,26.204611902320337,0
158,24.656510928667444,0
159,22.833968890197024,0
160,24.52322103804802,0
161,22.732228720223354,0
162,24.333133474167813,0
163,24.54272637734411,0
164,22.400522099633196,0
165,24.02069440284185,0
166,23.305302122302177,0
167,23.548922444889428,0
168,24.457183883229423,0
169,22.14776852687271,0
170,21.471473175205652,0
171,21.167084601233846,0
172,21.071565669563732,0
173,21.640488821498657,0
174,21.888445322719456,0
175,21.653225945201704,0
176,22.032550051589254,0
177,21.04684120976161,0
178,22.31553787596351,0
179,20.425254610805293,0
180,23.23778269543171,0
181,20.97082873746209,0
182,19.315448852637605,0
183,18.929107501938887,0
184,20.309866006189306,0
185,19.43137582497707,0
186,20.19638696525,0
187,10.832145781962634,1
188,19.065167288536934,0
189,18.119366964047895,0
190,17.279785972760905,0
191,18.1769499020613,0
192,19.30910544642066,0
193,18.496503213217448,0
194,16.866885266758846,0
195,18.116581894991818,0
196,18.160108040165692,0
197,16.722985920923293,0
198,26.451353561166766,1
199,17.331346433551065,0
200,15.964508506803703,0
201,17.300469086750756,0
202,17.339580108383327,0
203,17.698920444838574,0
204,17.507753181609548,0
205,14.915420241592235,0
206,15.195507530670692,0
207,16.489762879808985,0
208,16.33110794315656,0
209,16.176210295130467,0
210,19.359027480983112,0
211,15.923658790255482,0
212,16.336190860582736,0
213,16.003913907657388,0
214,15.552065207404441,0
215,14.437685877369573,0
216,15.365768875501278,0
217,13.689425887857098,0
218,14.082533925948436,0
219,13.692782974963192,0
220,14.12054928469407,0
221,16.215638522672783,0
222,11.897836788820918,0
223,14.317341897025623,0
224,11.886243192122906,0
225,12.896841551802618,0
226,14.329514155519824,0
227,13.178647705662694,0
228,11.912478624009202,0
229,12.15286398443407,0
230,13.427834677500911,0
231,11.900100208439495,0
232,12.731351107870967,0
233,12.447120238458028,0
234,11.638867904444387,0
235,14.325629264645029,0
236,12.709150602807108,0
237,9.945996598953572,0
238,12.055893319984103,0
239,11.108374876295048,0
240,12.525769107924162,0
241,10.786470412339185,0
242,11.372419142689589,0
243,11.90284371484545,0
244,12.176875506920057,0
245,10.026676650949808,0
246,10.810938507626956,0
247,10.591599350983412,0
248,10.336982088402097,0
249,1.8753879729022422,1
250,11.250901625707295,0
251,9.516920917046852,0
252,11.630299545801753,0
253,12.771993770158485,0
254,11.622488706927385,0
255,9.013643074217928,0
256,9.994589268026608,0
257,11.694381643650466,0
258,9.671300335945217,0
259,10.777155141214035,0
260,11.065215879168816,0
261,9.32379040660368,0
262,10.154239390978649,0
263,6.938457103396626,0
264,9.124222468496972,0
265,9.867862865319376,0
266,8.847412378159518,0
267,11.705322562951094,0
268,8.62344337508744,0
269,9.597177313882751,0
270,10.154567854273617,0
271,11.454678462261555,0
272,8.570096443309858,0
273,11.164653511746465,0
274,10.010233061019587,0
275,9.019981108543554,0
276,10.468062068752566,0
277,10.212464868768908,0
278,9.423610399828728,0
279,10.107023885569754,0
280,9.668271156186313,0
281,10.186428604270708,0
282,10.757326234645415,0
283,11.706447832857886,0
284,8.91079461100441,0
285,2.2407317560517495,1
286,8.261676947517946,0
287,10.09893578314618,0
288,10.878899032224055,0
289,10.614327580802835,0
290,9.7562702817434,0
291,10.219348244106566,0
292,9.985822406234025,0
293,9.943648283227727,0
294,11.439625543397261,0
295,11.006853059110899,0
296,10.019528003486322,0
297,11.677404746815148,0
298,18.386838914324716,1
299,11.729624552671421,0
300,11.61994016289942,0
301,10.237549651222295,0
302,10.585258703270929,0
303,11.974266663128843,0
304,11.921490578183398,0
305,11.376954841900844,0
306,11.604482967465268,0
307,12.856656046560309,0
308,11.081764384292107,0
309,12.317258722233474,0
310,11.66724635278078,0
311,11.753457982383951,0
312,13.174008432476285,0
313,13.00710152430773,0
314,13.10397788805084,0
315,13.707027205708538,0
316,12.535896359921747,0
317,13.312419811451594,0
318,12.437970171972776,0
319,13.192334046182475,0
320,12.860080347570824,0
321,13.211363651559946,0
322,13.835720583989367,0
323,12.550552734358574,0
324,15.591346338998013,0
325,12.625064325151406,0
326,17.506829989510933,1
327,15.059090829499336,0
328,14.830337839270678,0
329,14.802266339844447,0
330,14.947698041952721,0
331,14.450004329547752,0
332,13.709545283522173,0
333,14.828759680203646,0
334,14.223512244586528,0
335,16.025031877581934,0
336,15.053567838899992,0
337,14.527271082769797,0
338,15.184910148675392,0
339,16.07409406310004,0
340,15.25359743944037,0
341,15.152507217033888,0
342,16.377019782077724,0
343,16.538056180658046,0
344,15.94700795420351,0
345,16.14483089604497,0
346,17.01084551937273,0
347,15.494597384905145,0
348,15.700015030257763,0
349,16.55469349385262,0
350,17.226161947712676,0
351,17.917750922722426,0
352,19.250146877386406,0
353,18.801060592342647,0
354,17.9526855155074,0
355,18.263393261184554,0
356,17.450177287459375,0
357,18.604951718135926,0
358,18.505974558526624,0
359,19.28887924245439,0
360,18.31076525764148,0
361,19.829435070197917,0
362,21.01512538416048,0
363,19.546078461846054,0
364,20.229105313045057,0
365,20.69014399171111,0
